id,response
1,"Inspection reports take too long to be published. By the time families read them, things have often changed in the nursing home."
2,Please publish inspection findings faster and in plain language. Most families cannot follow the current reports.
3,Home support needs regulating urgently. My mother has had six different carers in two months and nobody checks the quality.
4,Regulate home care providers the same way as nursing homes. At the moment there is no independent oversight at all.
5,Staffing shortages are the real issue. Inspections note the gaps but nothing changes because services cannot recruit.
6,"As a manager of a disability service, the paperwork for inspection takes staff away from residents. Less duplication would help."
7,Use data better. Providers already submit lots of information; it should be used to spot risks before inspectors visit.
8,"I am Deaf and use Irish Sign Language. Consultations and reports are never available in ISL, so my community is left out."
9,Children in care should be asked directly about their experience. Surveys mostly reach parents and staff.
10,"More unannounced inspections, especially at night and at weekends when staffing is thinnest."
11,"The National Care Experience surveys are useful. Please extend them to mental health services, which get little attention."
12,Travellers rarely see themselves in these reports. Engage with Traveller organisations when designing surveys.
13,Rural services are inspected far less often than city ones. People in rural areas deserve the same assurance.
14,"Reports should show whether things improved after the last inspection, not just list what was wrong."
15,"Measure outcomes for residents, like quality of life and dignity, not just compliance with paperwork."
16,"Faster publication of reports, please. Six months later the information is out of date."
17,Home support workers are underpaid and overstretched. Regulation without funding will not fix the problem.
18,Plain English summaries at the top of every report would make a huge difference for families.
19,There should be a simple way for families to raise concerns between inspections and know what happened next.
20,"Artificial intelligence could help analyse inspection data, but it must be used carefully and transparently."
21,Mental health services need the same level of independent monitoring as acute hospitals.
22,Avoid asking providers for the same data in three different formats. Share data between agencies.
